{"cameraMode":{"drawMode":0,"name":"Shaded","section":"Shading Mode"},"sceneLighting":true,"audioPlay":false,"sceneViewState":{"m_AlwaysRefresh":false,"showFog":true,"showSkybox":true,"showFlares":true,"showImageEffects":true,"showParticleSystems":true,"showVisualEffectGraphs":true,"m_FxEnabled":true},"in2DMode":false,"pivot":{"x":0.8480596542358398,"y":-0.31361812353134158,"z":0.5547605752944946},"rotation":{"x":0.17873914539813996,"y":0.6835747957229614,"z":-0.17841669917106629,"w":0.6848099231719971},"size":1.156685709953308,"orthographic":false}