{"cameraMode":{"drawMode":0,"name":"Shaded","section":"Shading Mode"},"sceneLighting":true,"audioPlay":false,"sceneViewState":{"m_AlwaysRefresh":false,"showFog":true,"showSkybox":true,"showFlares":true,"showImageEffects":true,"showParticleSystems":true,"showVisualEffectGraphs":true,"m_FxEnabled":true},"in2DMode":false,"pivot":{"x":-6.172460079193115,"y":-8.201300621032715,"z":-31.158599853515626},"rotation":{"x":0.000547646137420088,"y":0.9934646487236023,"z":-0.11405974626541138,"w":0.004769695922732353},"size":3.6314005851745607,"orthographic":false}